{"cameraMode":{"drawMode":0,"name":"Shaded","section":"Shading Mode"},"sceneLighting":true,"audioPlay":false,"sceneViewState":{"m_AlwaysRefresh":true,"showFog":true,"showSkybox":true,"showFlares":true,"showImageEffects":true,"showParticleSystems":true,"showVisualEffectGraphs":true,"m_FxEnabled":true},"in2DMode":false,"pivot":{"x":-36.19304656982422,"y":12.229657173156739,"z":-10.359121322631836},"rotation":{"x":0.08811742067337036,"y":0.5315006971359253,"z":-0.05504652485251427,"w":0.8404160141944885},"size":1.5174660682678223,"orthographic":false}